Title,Price (IDR),Rating,Colors,Size,Gender,Timestamp
T-shirt 2,1634400.0,3.9,3,M,Women,2025-05-07 20:28:34.796040
Hoodie 3,7950080.0,4.8,3,L,Unisex,2025-05-07 20:28:34.796040
Pants 4,7476960.0,3.3,3,XL,Men,2025-05-07 20:28:34.797041
Outerwear 5,5145440.0,3.5,3,XXL,Women,2025-05-07 20:28:34.797041
Jacket 6,2453920.0,3.3,3,S,Unisex,2025-05-07 20:28:34.797041
Crewneck 7,6892000.0,4.3,3,M,Men,2025-05-07 20:28:34.797041
T-shirt 8,7802560.0,3.1,3,L,Women,2025-05-07 20:28:34.797041
Hoodie 9,3972160.0,3.2,3,XL,Unisex,2025-05-07 20:28:34.797041
Pants 10,3100160.0,4.2,3,XXL,Men,2025-05-07 20:28:34.798040
Jacket 12,8527840.0,3.9,3,M,Unisex,2025-05-07 20:28:34.798040
Crewneck 13,5447200.0,3.2,3,L,Men,2025-05-07 20:28:34.798040
T-shirt 14,3248800.0,3.8,3,XL,Women,2025-05-07 20:28:34.798040
Hoodie 15,2184160.0,3.6,3,XXL,Unisex,2025-05-07 20:28:34.798040
Outerwear 17,841600.0,3.8,3,M,Women,2025-05-07 20:28:34.798040
Jacket 18,5500000.0,3.8,3,L,Unisex,2025-05-07 20:28:34.798040
Crewneck 19,1308960.0,3.6,3,XL,Men,2025-05-07 20:28:34.798040
T-shirt 20,1325600.0,3.4,3,XXL,Women,2025-05-07 20:28:34.798040
Pants 22,4319680.0,4.9,3,M,Men,2025-05-07 20:28:35.899562
Outerwear 23,4655840.0,3.7,3,L,Women,2025-05-07 20:28:35.899562
Jacket 24,8223520.0,3.9,3,XL,Unisex,2025-05-07 20:28:35.899562
Crewneck 25,8322560.0,3.3,3,XXL,Men,2025-05-07 20:28:35.900101
T-shirt 26,7292320.0,4.6,3,S,Women,2025-05-07 20:28:35.900101
Hoodie 27,3551840.0,4.8,3,M,Unisex,2025-05-07 20:28:35.900101
Pants 28,5216160.0,4.0,3,L,Men,2025-05-07 20:28:35.900101
Outerwear 29,861600.0,3.1,3,XL,Women,2025-05-07 20:28:35.900101
Jacket 30,8610240.0,3.7,3,XXL,Unisex,2025-05-07 20:28:35.900101
T-shirt 32,6657920.0,3.4,3,M,Women,2025-05-07 20:28:35.901108
Hoodie 33,7248160.0,3.5,3,L,Unisex,2025-05-07 20:28:35.901108
Pants 34,8362720.0,3.8,3,XL,Men,2025-05-07 20:28:35.901108
Outerwear 35,1356160.0,3.8,3,XXL,Women,2025-05-07 20:28:35.901108
Jacket 36,7249280.0,3.7,3,S,Unisex,2025-05-07 20:28:35.901108
Crewneck 37,6006080.0,4.0,3,M,Men,2025-05-07 20:28:35.901108
T-shirt 38,4866080.0,3.2,3,L,Women,2025-05-07 20:28:35.901108
Hoodie 39,6431200.0,4.6,3,XL,Unisex,2025-05-07 20:28:35.902107
Pants 40,5853600.0,3.1,3,XXL,Men,2025-05-07 20:28:35.902107
Jacket 42,6744160.0,3.7,3,M,Unisex,2025-05-07 20:28:37.000874
Crewneck 43,2909600.0,4.5,3,L,Men,2025-05-07 20:28:37.000874
T-shirt 44,3312320.0,3.0,3,XL,Women,2025-05-07 20:28:37.000874
Hoodie 45,8693120.0,4.5,3,XXL,Unisex,2025-05-07 20:28:37.001993
Outerwear 47,6364640.0,3.2,3,M,Women,2025-05-07 20:28:37.001993
Jacket 48,4994720.0,3.4,3,L,Unisex,2025-05-07 20:28:37.001993
Crewneck 49,1071200.0,4.0,3,XL,Men,2025-05-07 20:28:37.001993
T-shirt 50,5932960.0,3.1,3,XXL,Women,2025-05-07 20:28:37.001993
Pants 52,1596480.0,4.0,3,M,Men,2025-05-07 20:28:37.002996
Outerwear 53,4470880.0,4.3,3,L,Women,2025-05-07 20:28:37.002996
Jacket 54,854560.0,4.2,3,XL,Unisex,2025-05-07 20:28:37.002996
Crewneck 55,1793760.0,3.6,3,XXL,Men,2025-05-07 20:28:37.002996
T-shirt 56,4643040.0,3.8,3,S,Women,2025-05-07 20:28:37.002996
Hoodie 57,3155360.0,4.9,3,M,Unisex,2025-05-07 20:28:37.002996
Pants 58,1637760.0,4.4,3,L,Men,2025-05-07 20:28:37.002996
Outerwear 59,2254240.0,4.6,3,XL,Women,2025-05-07 20:28:37.003995
Jacket 60,3375520.0,4.2,3,XXL,Unisex,2025-05-07 20:28:37.003995
T-shirt 62,1376480.0,3.8,3,M,Women,2025-05-07 20:28:38.106360
Hoodie 63,6479200.0,3.6,3,L,Unisex,2025-05-07 20:28:38.107359
Pants 64,7728480.0,4.0,3,XL,Men,2025-05-07 20:28:38.107359
Outerwear 65,2385920.0,4.1,3,XXL,Women,2025-05-07 20:28:38.107359
Jacket 66,4353120.0,3.5,3,S,Unisex,2025-05-07 20:28:38.107359
Crewneck 67,8470720.0,3.5,3,M,Men,2025-05-07 20:28:38.107359
T-shirt 68,8025280.0,4.0,3,L,Women,2025-05-07 20:28:38.107359
Hoodie 69,1027840.0,3.6,3,XL,Unisex,2025-05-07 20:28:38.107359
Pants 70,1171360.0,4.4,3,XXL,Men,2025-05-07 20:28:38.108360
Jacket 72,3776000.0,4.4,3,M,Unisex,2025-05-07 20:28:38.108360
Crewneck 73,2460320.0,3.0,3,L,Men,2025-05-07 20:28:38.108360
T-shirt 74,7704800.0,3.8,3,XL,Women,2025-05-07 20:28:38.108360
Hoodie 75,2101760.0,4.3,3,XXL,Unisex,2025-05-07 20:28:38.108360
Outerwear 77,861760.0,3.7,3,M,Women,2025-05-07 20:28:38.109358
Jacket 78,2716480.0,4.3,3,L,Unisex,2025-05-07 20:28:38.109358
Crewneck 79,3309600.0,4.6,3,XL,Men,2025-05-07 20:28:38.109358
T-shirt 80,4178400.0,4.5,3,XXL,Women,2025-05-07 20:28:38.109863
Pants 82,8315520.0,4.8,3,M,Men,2025-05-07 20:28:39.207235
Outerwear 83,3947840.0,3.7,3,L,Women,2025-05-07 20:28:39.207235
Jacket 84,2826080.0,4.8,3,XL,Unisex,2025-05-07 20:28:39.207235
Crewneck 85,4564160.0,3.5,3,XXL,Men,2025-05-07 20:28:39.207235
T-shirt 86,1670880.0,3.9,3,S,Women,2025-05-07 20:28:39.207235
Hoodie 87,7870240.0,4.3,3,M,Unisex,2025-05-07 20:28:39.208235
Pants 88,7590400.0,3.1,3,L,Men,2025-05-07 20:28:39.208235
Outerwear 89,4856320.0,3.0,3,XL,Women,2025-05-07 20:28:39.208235
Jacket 90,7160000.0,4.0,3,XXL,Unisex,2025-05-07 20:28:39.208235
T-shirt 92,5012320.0,3.5,3,M,Women,2025-05-07 20:28:39.208235
Hoodie 93,1365280.0,3.6,3,L,Unisex,2025-05-07 20:28:39.208235
Pants 94,1074880.0,4.3,3,XL,Men,2025-05-07 20:28:39.209235
Outerwear 95,6062240.0,3.5,3,XXL,Women,2025-05-07 20:28:39.209235
Jacket 96,4598240.0,4.9,3,S,Unisex,2025-05-07 20:28:39.209235
Crewneck 97,6113120.0,3.9,3,M,Men,2025-05-07 20:28:39.209235
T-shirt 98,8596960.0,3.1,3,L,Women,2025-05-07 20:28:39.209740
Hoodie 99,5028000.0,3.6,3,XL,Unisex,2025-05-07 20:28:39.209740
Pants 100,2217280.0,4.6,3,XXL,Men,2025-05-07 20:28:39.209740
Jacket 102,3840640.0,3.3,3,M,Unisex,2025-05-07 20:28:40.352475
Crewneck 103,2331680.0,3.5,3,L,Men,2025-05-07 20:28:40.352475
T-shirt 104,2374400.0,3.8,3,XL,Women,2025-05-07 20:28:40.352475
Hoodie 105,5019840.0,4.2,3,XXL,Unisex,2025-05-07 20:28:40.352475
Outerwear 107,6625120.0,4.0,3,M,Women,2025-05-07 20:28:40.353476
Jacket 108,5551680.0,4.8,3,L,Unisex,2025-05-07 20:28:40.353476
Crewneck 109,5886880.0,3.3,3,XL,Men,2025-05-07 20:28:40.353476
T-shirt 110,7197120.0,4.6,3,XXL,Women,2025-05-07 20:28:40.353476
Pants 112,4261920.0,3.3,3,M,Men,2025-05-07 20:28:40.353476
Outerwear 113,4472000.0,3.7,3,L,Women,2025-05-07 20:28:40.354475
Jacket 114,5386560.0,4.9,3,XL,Unisex,2025-05-07 20:28:40.354475
Crewneck 115,1933280.0,4.5,3,XXL,Men,2025-05-07 20:28:40.354475
T-shirt 116,3474560.0,3.0,3,S,Women,2025-05-07 20:28:40.354475
Hoodie 117,3376320.0,5.0,3,M,Unisex,2025-05-07 20:28:40.354475
Pants 118,5585440.0,3.2,3,L,Men,2025-05-07 20:28:40.354475
Outerwear 119,3561760.0,3.4,3,XL,Women,2025-05-07 20:28:40.354475
Jacket 120,7480320.0,4.0,3,XXL,Unisex,2025-05-07 20:28:40.355476
T-shirt 122,1961920.0,3.6,3,M,Women,2025-05-07 20:28:41.457301
Hoodie 123,4498080.0,3.8,3,L,Unisex,2025-05-07 20:28:41.458301
Pants 124,7023520.0,3.2,3,XL,Men,2025-05-07 20:28:41.458301
Outerwear 125,6998240.0,4.2,3,XXL,Women,2025-05-07 20:28:41.458301
Jacket 126,4426080.0,3.9,3,S,Unisex,2025-05-07 20:28:41.458301
Crewneck 127,8311680.0,4.0,3,M,Men,2025-05-07 20:28:41.458301
T-shirt 128,4466720.0,3.8,3,L,Women,2025-05-07 20:28:41.458301
Hoodie 129,2532480.0,4.5,3,XL,Unisex,2025-05-07 20:28:41.458301
Pants 130,6603520.0,4.8,3,XXL,Men,2025-05-07 20:28:41.459301
Jacket 132,6474880.0,4.2,3,M,Unisex,2025-05-07 20:28:41.459301
Crewneck 133,2016320.0,4.7,3,L,Men,2025-05-07 20:28:41.459807
T-shirt 134,5937440.0,3.2,3,XL,Women,2025-05-07 20:28:41.459807
Hoodie 135,5141440.0,4.7,3,XXL,Unisex,2025-05-07 20:28:41.459807
Outerwear 137,6988320.0,4.5,3,M,Women,2025-05-07 20:28:41.460314
Jacket 138,4635520.0,3.4,3,L,Unisex,2025-05-07 20:28:41.460314
Crewneck 139,8053120.0,4.5,3,XL,Men,2025-05-07 20:28:41.460314
T-shirt 140,6811040.0,3.5,3,XXL,Women,2025-05-07 20:28:41.460314
Pants 142,2325280.0,4.9,3,M,Men,2025-05-07 20:28:42.567329
Outerwear 143,3346560.0,4.9,3,L,Women,2025-05-07 20:28:42.567329
Jacket 144,5758240.0,4.3,3,XL,Unisex,2025-05-07 20:28:42.567329
Crewneck 145,3472800.0,4.8,3,XXL,Men,2025-05-07 20:28:42.567329
T-shirt 146,7688640.0,4.3,3,S,Women,2025-05-07 20:28:42.567329
Hoodie 147,3052800.0,5.0,3,M,Unisex,2025-05-07 20:28:42.568325
Pants 148,6033440.0,4.7,3,L,Men,2025-05-07 20:28:42.568325
Outerwear 149,3105920.0,3.2,3,XL,Women,2025-05-07 20:28:42.568325
Jacket 150,1500640.0,3.6,3,XXL,Unisex,2025-05-07 20:28:42.568325
T-shirt 152,6288640.0,4.2,3,M,Women,2025-05-07 20:28:42.568325
Hoodie 153,2660640.0,4.3,3,L,Unisex,2025-05-07 20:28:42.569327
Pants 154,2337440.0,3.0,3,XL,Men,2025-05-07 20:28:42.569327
Outerwear 155,3783200.0,4.1,3,XXL,Women,2025-05-07 20:28:42.569327
Jacket 156,6645120.0,3.6,3,S,Unisex,2025-05-07 20:28:42.569327
Crewneck 157,1105760.0,4.0,3,M,Men,2025-05-07 20:28:42.569327
T-shirt 158,7321120.0,4.0,3,L,Women,2025-05-07 20:28:42.569327
Hoodie 159,2371680.0,4.9,3,XL,Unisex,2025-05-07 20:28:42.569327
Pants 160,2802880.0,3.4,3,XXL,Men,2025-05-07 20:28:42.569327
Jacket 162,1543840.0,4.5,3,M,Unisex,2025-05-07 20:28:43.671104
Crewneck 163,7861920.0,4.4,3,L,Men,2025-05-07 20:28:43.671104
T-shirt 164,3512000.0,3.9,3,XL,Women,2025-05-07 20:28:43.671104
Hoodie 165,6921280.0,4.9,3,XXL,Unisex,2025-05-07 20:28:43.671104
Outerwear 167,3273760.0,3.1,3,M,Women,2025-05-07 20:28:43.672105
Jacket 168,870400.0,4.4,3,L,Unisex,2025-05-07 20:28:43.672105
Crewneck 169,8032800.0,4.7,3,XL,Men,2025-05-07 20:28:43.672105
T-shirt 170,6677920.0,4.5,3,XXL,Women,2025-05-07 20:28:43.672105
Pants 172,1566080.0,4.9,3,M,Men,2025-05-07 20:28:43.672105
Outerwear 173,7034560.0,4.6,3,L,Women,2025-05-07 20:28:43.673102
Jacket 174,6282240.0,3.3,3,XL,Unisex,2025-05-07 20:28:43.673102
Crewneck 175,8125120.0,4.5,3,XXL,Men,2025-05-07 20:28:43.673102
T-shirt 176,6104320.0,3.6,3,S,Women,2025-05-07 20:28:43.673102
Hoodie 177,1890400.0,4.6,3,M,Unisex,2025-05-07 20:28:43.673102
Pants 178,6184160.0,3.0,3,L,Men,2025-05-07 20:28:43.673102
Outerwear 179,5816640.0,3.5,3,XL,Women,2025-05-07 20:28:43.674102
Jacket 180,5552640.0,3.9,3,XXL,Unisex,2025-05-07 20:28:43.674102
T-shirt 182,2334880.0,3.8,3,M,Women,2025-05-07 20:28:44.772093
Hoodie 183,3904640.0,3.6,3,L,Unisex,2025-05-07 20:28:44.772093
Pants 184,7759520.0,4.5,3,XL,Men,2025-05-07 20:28:44.772093
Outerwear 185,7822880.0,3.2,3,XXL,Women,2025-05-07 20:28:44.772093
Jacket 186,6940480.0,4.2,3,S,Unisex,2025-05-07 20:28:44.773093
Crewneck 187,6663520.0,3.8,3,M,Men,2025-05-07 20:28:44.773093
T-shirt 188,3927840.0,4.4,3,L,Women,2025-05-07 20:28:44.773093
Hoodie 189,1946720.0,4.0,3,XL,Unisex,2025-05-07 20:28:44.773093
Pants 190,2220960.0,4.5,3,XXL,Men,2025-05-07 20:28:44.773093
Jacket 192,5066240.0,3.8,3,M,Unisex,2025-05-07 20:28:44.773093
Crewneck 193,7355680.0,4.1,3,L,Men,2025-05-07 20:28:44.774091
T-shirt 194,2818720.0,4.9,3,XL,Women,2025-05-07 20:28:44.774091
Hoodie 195,7208960.0,4.9,3,XXL,Unisex,2025-05-07 20:28:44.774091
Outerwear 197,5681600.0,4.9,3,M,Women,2025-05-07 20:28:44.774091
Jacket 198,5435040.0,4.5,3,L,Unisex,2025-05-07 20:28:44.774091
Crewneck 199,6744320.0,3.1,3,XL,Men,2025-05-07 20:28:44.774091
T-shirt 200,6289920.0,3.5,3,XXL,Women,2025-05-07 20:28:44.775090
Pants 202,5592480.0,3.3,3,M,Men,2025-05-07 20:28:46.842536
Outerwear 203,2144000.0,3.4,3,L,Women,2025-05-07 20:28:46.842536
Jacket 204,6031040.0,3.9,3,XL,Unisex,2025-05-07 20:28:46.842536
Crewneck 205,6434880.0,3.2,3,XXL,Men,2025-05-07 20:28:46.842536
T-shirt 206,4674720.0,4.5,3,S,Women,2025-05-07 20:28:46.843534
Hoodie 207,6101440.0,3.5,3,M,Unisex,2025-05-07 20:28:46.843534
Pants 208,4637600.0,3.1,3,L,Men,2025-05-07 20:28:46.843534
Outerwear 209,7980640.0,4.3,3,XL,Women,2025-05-07 20:28:46.843534
Jacket 210,7827360.0,4.7,3,XXL,Unisex,2025-05-07 20:28:46.843534
T-shirt 212,8794880.0,4.7,3,M,Women,2025-05-07 20:28:46.843534
Hoodie 213,5748000.0,3.6,3,L,Unisex,2025-05-07 20:28:46.844533
Pants 214,4315680.0,4.9,3,XL,Men,2025-05-07 20:28:46.844533
Outerwear 215,1449600.0,3.8,3,XXL,Women,2025-05-07 20:28:46.844533
Jacket 216,4576480.0,4.6,3,S,Unisex,2025-05-07 20:28:46.844533
Crewneck 217,5772960.0,4.8,3,M,Men,2025-05-07 20:28:46.844533
T-shirt 218,5600320.0,3.1,3,L,Women,2025-05-07 20:28:46.844533
Hoodie 219,5671040.0,4.6,3,XL,Unisex,2025-05-07 20:28:46.844533
Pants 220,3357600.0,3.2,3,XXL,Men,2025-05-07 20:28:46.845537
Jacket 222,7438080.0,3.4,3,M,Unisex,2025-05-07 20:28:47.948135
Crewneck 223,952960.0,4.8,3,L,Men,2025-05-07 20:28:47.948135
T-shirt 224,3534560.0,4.5,3,XL,Women,2025-05-07 20:28:47.948135
Hoodie 225,5232800.0,3.5,3,XXL,Unisex,2025-05-07 20:28:47.948135
Outerwear 227,6742560.0,4.8,3,M,Women,2025-05-07 20:28:47.948135
Jacket 228,8076800.0,4.5,3,L,Unisex,2025-05-07 20:28:47.948135
Crewneck 229,3101920.0,4.9,3,XL,Men,2025-05-07 20:28:47.949135
T-shirt 230,7133280.0,4.5,3,XXL,Women,2025-05-07 20:28:47.949135
Pants 232,8327360.0,4.0,3,M,Men,2025-05-07 20:28:47.949135
Outerwear 233,847360.0,4.8,3,L,Women,2025-05-07 20:28:47.949135
Jacket 234,1159200.0,4.5,3,XL,Unisex,2025-05-07 20:28:47.949135
Crewneck 235,6560320.0,3.4,3,XXL,Men,2025-05-07 20:28:47.949135
T-shirt 236,5492320.0,3.9,3,S,Women,2025-05-07 20:28:47.950157
Hoodie 237,4743520.0,3.1,3,M,Unisex,2025-05-07 20:28:47.950157
Pants 238,8301920.0,3.8,3,L,Men,2025-05-07 20:28:47.950157
Outerwear 239,7934080.0,3.1,3,XL,Women,2025-05-07 20:28:47.950157
Jacket 240,7600000.0,3.8,3,XXL,Unisex,2025-05-07 20:28:47.950157
T-shirt 242,4833600.0,3.4,3,M,Women,2025-05-07 20:28:49.052678
Hoodie 243,3371680.0,3.1,3,L,Unisex,2025-05-07 20:28:49.052678
Pants 244,8116160.0,3.1,3,XL,Men,2025-05-07 20:28:49.052678
Outerwear 245,1451680.0,4.0,3,XXL,Women,2025-05-07 20:28:49.052678
Jacket 246,8735040.0,3.1,3,S,Unisex,2025-05-07 20:28:49.052678
Crewneck 247,8769120.0,3.0,3,M,Men,2025-05-07 20:28:49.052678
T-shirt 248,2280000.0,4.5,3,L,Women,2025-05-07 20:28:49.053678
Hoodie 249,2149440.0,4.2,3,XL,Unisex,2025-05-07 20:28:49.053678
Pants 250,4314240.0,3.1,3,XXL,Men,2025-05-07 20:28:49.053678
Jacket 252,8408480.0,3.2,3,M,Unisex,2025-05-07 20:28:49.053678
Crewneck 253,1854720.0,3.9,3,L,Men,2025-05-07 20:28:49.053678
T-shirt 254,5984160.0,3.9,3,XL,Women,2025-05-07 20:28:49.054676
Hoodie 255,3668000.0,4.1,3,XXL,Unisex,2025-05-07 20:28:49.054676
Outerwear 257,7073120.0,5.0,3,M,Women,2025-05-07 20:28:49.054676
Jacket 258,2080640.0,4.7,3,L,Unisex,2025-05-07 20:28:49.054676
Crewneck 259,2275520.0,3.3,3,XL,Men,2025-05-07 20:28:49.054676
T-shirt 260,6271520.0,3.5,3,XXL,Women,2025-05-07 20:28:49.054676
Pants 262,1097760.0,3.4,3,M,Men,2025-05-07 20:28:50.174313
Outerwear 263,1878400.0,4.2,3,L,Women,2025-05-07 20:28:50.174313
Jacket 264,2063040.0,4.8,3,XL,Unisex,2025-05-07 20:28:50.174313
Crewneck 265,2483040.0,3.5,3,XXL,Men,2025-05-07 20:28:50.174313
T-shirt 266,4842080.0,4.6,3,S,Women,2025-05-07 20:28:50.175313
Hoodie 267,4086240.0,4.3,3,M,Unisex,2025-05-07 20:28:50.175313
Pants 268,5005120.0,3.6,3,L,Men,2025-05-07 20:28:50.175313
Outerwear 269,8073920.0,3.1,3,XL,Women,2025-05-07 20:28:50.175313
Jacket 270,2569120.0,4.2,3,XXL,Unisex,2025-05-07 20:28:50.175313
T-shirt 272,5811840.0,3.3,3,M,Women,2025-05-07 20:28:50.176313
Hoodie 273,5291360.0,4.9,3,L,Unisex,2025-05-07 20:28:50.176313
Pants 274,3669280.0,4.2,3,XL,Men,2025-05-07 20:28:50.176313
Outerwear 275,5575360.0,4.8,3,XXL,Women,2025-05-07 20:28:50.176313
Jacket 276,1013600.0,4.3,3,S,Unisex,2025-05-07 20:28:50.176313
Crewneck 277,2383680.0,4.7,3,M,Men,2025-05-07 20:28:50.176313
T-shirt 278,2087360.0,3.8,3,L,Women,2025-05-07 20:28:50.176313
Hoodie 279,5592320.0,4.7,3,XL,Unisex,2025-05-07 20:28:50.177314
Pants 280,7501440.0,3.9,3,XXL,Men,2025-05-07 20:28:50.177314
Jacket 282,2227040.0,3.0,3,M,Unisex,2025-05-07 20:28:51.280027
Crewneck 283,6633120.0,3.2,3,L,Men,2025-05-07 20:28:51.280027
T-shirt 284,6568000.0,3.6,3,XL,Women,2025-05-07 20:28:51.281036
Hoodie 285,3009120.0,3.2,3,XXL,Unisex,2025-05-07 20:28:51.281036
Outerwear 287,5273600.0,3.7,3,M,Women,2025-05-07 20:28:51.281036
Jacket 288,3123040.0,4.1,3,L,Unisex,2025-05-07 20:28:51.281036
Crewneck 289,888000.0,4.0,3,XL,Men,2025-05-07 20:28:51.281036
T-shirt 290,6425120.0,4.2,3,XXL,Women,2025-05-07 20:28:51.281036
Pants 292,2384480.0,3.9,3,M,Men,2025-05-07 20:28:51.282034
Outerwear 293,1176160.0,4.5,3,L,Women,2025-05-07 20:28:51.282034
Jacket 294,5947200.0,3.8,3,XL,Unisex,2025-05-07 20:28:51.282034
Crewneck 295,7266720.0,4.9,3,XXL,Men,2025-05-07 20:28:51.282034
T-shirt 296,1172160.0,3.1,3,S,Women,2025-05-07 20:28:51.282034
Hoodie 297,7801120.0,3.6,3,M,Unisex,2025-05-07 20:28:51.283032
Pants 298,2426080.0,4.8,3,L,Men,2025-05-07 20:28:51.283032
Outerwear 299,1947840.0,4.3,3,XL,Women,2025-05-07 20:28:51.283032
Jacket 300,6408480.0,4.0,3,XXL,Unisex,2025-05-07 20:28:51.283032
T-shirt 302,5711200.0,3.2,3,M,Women,2025-05-07 20:28:52.403554
Hoodie 303,7974560.0,4.1,3,L,Unisex,2025-05-07 20:28:52.404555
Pants 304,7129760.0,3.4,3,XL,Men,2025-05-07 20:28:52.404555
Outerwear 305,6325440.0,4.5,3,XXL,Women,2025-05-07 20:28:52.404555
Jacket 306,7575040.0,4.2,3,S,Unisex,2025-05-07 20:28:52.404555
Crewneck 307,7735200.0,3.7,3,M,Men,2025-05-07 20:28:52.404555
T-shirt 308,4086080.0,4.1,3,L,Women,2025-05-07 20:28:52.405555
Hoodie 309,3953120.0,4.8,3,XL,Unisex,2025-05-07 20:28:52.405555
Pants 310,6329280.0,4.7,3,XXL,Men,2025-05-07 20:28:52.405555
Jacket 312,7267040.0,3.8,3,M,Unisex,2025-05-07 20:28:52.405555
Crewneck 313,1948320.0,3.1,3,L,Men,2025-05-07 20:28:52.405555
T-shirt 314,6017120.0,3.2,3,XL,Women,2025-05-07 20:28:52.405555
Hoodie 315,7022880.0,3.1,3,XXL,Unisex,2025-05-07 20:28:52.406555
Outerwear 317,5259040.0,3.3,3,M,Women,2025-05-07 20:28:52.406555
Jacket 318,5667200.0,3.7,3,L,Unisex,2025-05-07 20:28:52.406555
Crewneck 319,3085920.0,3.3,3,XL,Men,2025-05-07 20:28:52.406555
T-shirt 320,829440.0,3.3,3,XXL,Women,2025-05-07 20:28:52.406555
Pants 322,7810400.0,3.2,3,M,Men,2025-05-07 20:28:53.514259
Outerwear 323,8468000.0,3.1,3,L,Women,2025-05-07 20:28:53.514259
Jacket 324,6082720.0,3.3,3,XL,Unisex,2025-05-07 20:28:53.515260
Crewneck 325,3001760.0,3.4,3,XXL,Men,2025-05-07 20:28:53.515260
T-shirt 326,4519360.0,4.9,3,S,Women,2025-05-07 20:28:53.515260
Hoodie 327,6641440.0,4.4,3,M,Unisex,2025-05-07 20:28:53.515260
Pants 328,5732960.0,4.5,3,L,Men,2025-05-07 20:28:53.515260
Outerwear 329,6724160.0,4.7,3,XL,Women,2025-05-07 20:28:53.515260
Jacket 330,1591200.0,4.3,3,XXL,Unisex,2025-05-07 20:28:53.515260
T-shirt 332,2335680.0,3.4,3,M,Women,2025-05-07 20:28:53.516257
Hoodie 333,1746080.0,4.8,3,L,Unisex,2025-05-07 20:28:53.516257
Pants 334,2409440.0,3.8,3,XL,Men,2025-05-07 20:28:53.516257
Outerwear 335,2826720.0,3.0,3,XXL,Women,2025-05-07 20:28:53.516257
Jacket 336,6237760.0,5.0,3,S,Unisex,2025-05-07 20:28:53.516257
Crewneck 337,8608800.0,4.3,3,M,Men,2025-05-07 20:28:53.517259
T-shirt 338,2883360.0,3.9,3,L,Women,2025-05-07 20:28:53.517259
Hoodie 339,4424800.0,4.9,3,XL,Unisex,2025-05-07 20:28:53.517259
Pants 340,5975200.0,4.3,3,XXL,Men,2025-05-07 20:28:53.517259
Jacket 342,1827680.0,4.8,3,M,Unisex,2025-05-07 20:28:54.619239
Crewneck 343,2279040.0,4.1,3,L,Men,2025-05-07 20:28:54.619745
T-shirt 344,3415680.0,4.5,3,XL,Women,2025-05-07 20:28:54.619745
Hoodie 345,7577440.0,3.3,3,XXL,Unisex,2025-05-07 20:28:54.619745
Outerwear 347,6986080.0,4.7,3,M,Women,2025-05-07 20:28:54.620251
Jacket 348,3195040.0,4.6,3,L,Unisex,2025-05-07 20:28:54.620251
Crewneck 349,6085600.0,3.5,3,XL,Men,2025-05-07 20:28:54.621264
T-shirt 350,8047680.0,5.0,3,XXL,Women,2025-05-07 20:28:54.621264
Pants 352,2838880.0,4.0,3,M,Men,2025-05-07 20:28:54.621930
Outerwear 353,961600.0,3.6,3,L,Women,2025-05-07 20:28:54.621930
Jacket 354,2294720.0,3.8,3,XL,Unisex,2025-05-07 20:28:54.621930
Crewneck 355,4246560.0,3.2,3,XXL,Men,2025-05-07 20:28:54.622940
T-shirt 356,7150080.0,4.3,3,S,Women,2025-05-07 20:28:54.622940
Hoodie 357,3739360.0,3.6,3,M,Unisex,2025-05-07 20:28:54.622940
Pants 358,8479520.0,3.9,3,L,Men,2025-05-07 20:28:54.622940
Outerwear 359,1696480.0,4.3,3,XL,Women,2025-05-07 20:28:54.623940
Jacket 360,8788320.0,4.8,3,XXL,Unisex,2025-05-07 20:28:54.623940
T-shirt 362,4776800.0,5.0,3,M,Women,2025-05-07 20:28:55.725783
Hoodie 363,1171360.0,3.2,3,L,Unisex,2025-05-07 20:28:55.725783
Pants 364,4972800.0,4.8,3,XL,Men,2025-05-07 20:28:55.725783
Outerwear 365,6956480.0,4.5,3,XXL,Women,2025-05-07 20:28:55.726783
Jacket 366,5854880.0,4.9,3,S,Unisex,2025-05-07 20:28:55.726783
Crewneck 367,8359360.0,4.9,3,M,Men,2025-05-07 20:28:55.726783
T-shirt 368,965120.0,3.2,3,L,Women,2025-05-07 20:28:55.726783
Hoodie 369,7204960.0,4.7,3,XL,Unisex,2025-05-07 20:28:55.726783
Pants 370,4559680.0,3.6,3,XXL,Men,2025-05-07 20:28:55.726783
Jacket 372,5052960.0,3.6,3,M,Unisex,2025-05-07 20:28:55.727782
Crewneck 373,2231040.0,3.6,3,L,Men,2025-05-07 20:28:55.727782
T-shirt 374,7697120.0,3.9,3,XL,Women,2025-05-07 20:28:55.727782
Hoodie 375,7027520.0,3.9,3,XXL,Unisex,2025-05-07 20:28:55.727782
Outerwear 377,6802080.0,4.8,3,M,Women,2025-05-07 20:28:55.727782
Jacket 378,3402400.0,3.6,3,L,Unisex,2025-05-07 20:28:55.727782
Crewneck 379,3963200.0,4.4,3,XL,Men,2025-05-07 20:28:55.727782
T-shirt 380,2547040.0,3.8,3,XXL,Women,2025-05-07 20:28:55.727782
Pants 382,1356160.0,4.4,3,M,Men,2025-05-07 20:28:56.832065
Outerwear 383,3431040.0,3.4,3,L,Women,2025-05-07 20:28:56.832065
Jacket 384,1452960.0,3.3,3,XL,Unisex,2025-05-07 20:28:56.832065
Crewneck 385,7950720.0,4.9,3,XXL,Men,2025-05-07 20:28:56.832065
T-shirt 386,4793600.0,4.6,3,S,Women,2025-05-07 20:28:56.832065
Hoodie 387,8418080.0,4.2,3,M,Unisex,2025-05-07 20:28:56.832065
Pants 388,931200.0,3.1,3,L,Men,2025-05-07 20:28:56.833066
Outerwear 389,2883200.0,5.0,3,XL,Women,2025-05-07 20:28:56.833066
Jacket 390,5432960.0,3.3,3,XXL,Unisex,2025-05-07 20:28:56.833066
T-shirt 392,1226080.0,4.4,3,M,Women,2025-05-07 20:28:56.833066
Hoodie 393,4068480.0,3.2,3,L,Unisex,2025-05-07 20:28:56.833066
Pants 394,3540000.0,3.3,3,XL,Men,2025-05-07 20:28:56.833066
Outerwear 395,3098720.0,4.0,3,XXL,Women,2025-05-07 20:28:56.834063
Jacket 396,2505280.0,3.9,3,S,Unisex,2025-05-07 20:28:56.834063
Crewneck 397,855360.0,3.6,3,M,Men,2025-05-07 20:28:56.834063
T-shirt 398,4592800.0,4.7,3,L,Women,2025-05-07 20:28:56.834063
Hoodie 399,2523520.0,3.6,3,XL,Unisex,2025-05-07 20:28:56.834063
Pants 400,6020640.0,4.7,3,XXL,Men,2025-05-07 20:28:56.834063
Jacket 402,2029120.0,4.6,3,M,Unisex,2025-05-07 20:28:57.933094
Crewneck 403,1580320.0,4.1,3,L,Men,2025-05-07 20:28:57.933094
T-shirt 404,3501120.0,4.9,3,XL,Women,2025-05-07 20:28:57.933094
Hoodie 405,5080160.0,3.8,3,XXL,Unisex,2025-05-07 20:28:57.933094
Outerwear 407,2761280.0,3.7,3,M,Women,2025-05-07 20:28:57.933094
Jacket 408,4176000.0,4.9,3,L,Unisex,2025-05-07 20:28:57.934094
Crewneck 409,3221760.0,3.5,3,XL,Men,2025-05-07 20:28:57.934094
T-shirt 410,1586720.0,3.1,3,XXL,Women,2025-05-07 20:28:57.934094
Pants 412,5438240.0,4.4,3,M,Men,2025-05-07 20:28:57.934094
Outerwear 413,1306400.0,3.4,3,L,Women,2025-05-07 20:28:57.934094
Jacket 414,2234720.0,3.7,3,XL,Unisex,2025-05-07 20:28:57.934094
Crewneck 415,3617440.0,3.1,3,XXL,Men,2025-05-07 20:28:57.935096
T-shirt 416,4454080.0,3.1,3,S,Women,2025-05-07 20:28:57.935096
Hoodie 417,2769440.0,4.6,3,M,Unisex,2025-05-07 20:28:57.935096
Pants 418,6307840.0,5.0,3,L,Men,2025-05-07 20:28:57.935096
Outerwear 419,7004000.0,5.0,3,XL,Women,2025-05-07 20:28:57.935096
Jacket 420,2472640.0,3.1,3,XXL,Unisex,2025-05-07 20:28:57.935096
T-shirt 422,924320.0,3.9,3,M,Women,2025-05-07 20:28:59.034464
Hoodie 423,4601760.0,3.7,3,L,Unisex,2025-05-07 20:28:59.034464
Pants 424,3865760.0,4.4,3,XL,Men,2025-05-07 20:28:59.034464
Outerwear 425,2528480.0,4.8,3,XXL,Women,2025-05-07 20:28:59.035463
Jacket 426,3462400.0,3.4,3,S,Unisex,2025-05-07 20:28:59.035463
Crewneck 427,6375200.0,3.3,3,M,Men,2025-05-07 20:28:59.035463
T-shirt 428,7053120.0,4.9,3,L,Women,2025-05-07 20:28:59.035463
Hoodie 429,1658560.0,4.9,3,XL,Unisex,2025-05-07 20:28:59.035463
Pants 430,1442080.0,3.9,3,XXL,Men,2025-05-07 20:28:59.035463
Jacket 432,2151840.0,4.5,3,M,Unisex,2025-05-07 20:28:59.036463
Crewneck 433,3872480.0,4.2,3,L,Men,2025-05-07 20:28:59.036463
T-shirt 434,6557120.0,4.9,3,XL,Women,2025-05-07 20:28:59.036463
Hoodie 435,1015680.0,4.0,3,XXL,Unisex,2025-05-07 20:28:59.036463
Outerwear 437,1016800.0,3.9,3,M,Women,2025-05-07 20:28:59.036463
Jacket 438,2453120.0,4.5,3,L,Unisex,2025-05-07 20:28:59.037464
Crewneck 439,4005440.0,3.2,3,XL,Men,2025-05-07 20:28:59.037464
T-shirt 440,5326080.0,3.0,3,XXL,Women,2025-05-07 20:28:59.037464
Pants 442,4701600.0,4.3,3,M,Men,2025-05-07 20:29:00.138560
Outerwear 443,7262720.0,4.2,3,L,Women,2025-05-07 20:29:00.138560
Jacket 444,4016960.0,3.3,3,XL,Unisex,2025-05-07 20:29:00.138560
Crewneck 445,3574240.0,4.5,3,XXL,Men,2025-05-07 20:29:00.138560
T-shirt 446,7740160.0,3.2,3,S,Women,2025-05-07 20:29:00.138560
Hoodie 447,4748640.0,4.0,3,M,Unisex,2025-05-07 20:29:00.138560
Pants 448,820160.0,4.4,3,L,Men,2025-05-07 20:29:00.139560
Outerwear 449,6410080.0,4.0,3,XL,Women,2025-05-07 20:29:00.139560
Jacket 450,8754880.0,3.1,3,XXL,Unisex,2025-05-07 20:29:00.139560
T-shirt 452,6892800.0,4.4,3,M,Women,2025-05-07 20:29:00.140064
Hoodie 453,6576960.0,4.2,3,L,Unisex,2025-05-07 20:29:00.140064
Pants 454,2179520.0,5.0,3,XL,Men,2025-05-07 20:29:00.140064
Outerwear 455,1094080.0,4.8,3,XXL,Women,2025-05-07 20:29:00.140064
Jacket 456,8096000.0,4.1,3,S,Unisex,2025-05-07 20:29:00.140064
Crewneck 457,7342880.0,4.8,3,M,Men,2025-05-07 20:29:00.140064
T-shirt 458,4240000.0,4.4,3,L,Women,2025-05-07 20:29:00.140064
Hoodie 459,3237280.0,3.5,3,XL,Unisex,2025-05-07 20:29:00.140064
Pants 460,1880800.0,3.6,3,XXL,Men,2025-05-07 20:29:00.141661
Jacket 462,6767840.0,4.5,3,M,Unisex,2025-05-07 20:29:01.247515
Crewneck 463,7539520.0,4.5,3,L,Men,2025-05-07 20:29:01.247515
T-shirt 464,6070080.0,4.5,3,XL,Women,2025-05-07 20:29:01.248515
Hoodie 465,6164320.0,4.7,3,XXL,Unisex,2025-05-07 20:29:01.248515
Outerwear 467,1325920.0,3.5,3,M,Women,2025-05-07 20:29:01.248515
Jacket 468,4584960.0,3.7,3,L,Unisex,2025-05-07 20:29:01.248515
Crewneck 469,1738880.0,4.2,3,XL,Men,2025-05-07 20:29:01.248515
T-shirt 470,7738880.0,3.1,3,XXL,Women,2025-05-07 20:29:01.249514
Pants 472,3902080.0,3.1,3,M,Men,2025-05-07 20:29:01.249514
Outerwear 473,5478080.0,4.2,3,L,Women,2025-05-07 20:29:01.249514
Jacket 474,5864960.0,4.7,3,XL,Unisex,2025-05-07 20:29:01.250018
Crewneck 475,7017280.0,4.6,3,XXL,Men,2025-05-07 20:29:01.250018
T-shirt 476,3986240.0,4.3,3,S,Women,2025-05-07 20:29:01.250018
Hoodie 477,6626080.0,4.2,3,M,Unisex,2025-05-07 20:29:01.250018
Pants 478,4912000.0,3.8,3,L,Men,2025-05-07 20:29:01.250018
Outerwear 479,7302400.0,4.4,3,XL,Women,2025-05-07 20:29:01.250018
Jacket 480,4986240.0,4.2,3,XXL,Unisex,2025-05-07 20:29:01.250018
T-shirt 482,3352480.0,4.8,3,M,Women,2025-05-07 20:29:02.351567
Hoodie 483,4035040.0,4.2,3,L,Unisex,2025-05-07 20:29:02.352574
Pants 484,6428640.0,4.1,3,XL,Men,2025-05-07 20:29:02.352574
Outerwear 485,4044480.0,4.7,3,XXL,Women,2025-05-07 20:29:02.352574
Jacket 486,2573760.0,3.0,3,S,Unisex,2025-05-07 20:29:02.352574
Crewneck 487,6955520.0,3.7,3,M,Men,2025-05-07 20:29:02.352574
T-shirt 488,8789760.0,3.8,3,L,Women,2025-05-07 20:29:02.352574
Hoodie 489,3554560.0,5.0,3,XL,Unisex,2025-05-07 20:29:02.352574
Pants 490,7081600.0,3.1,3,XXL,Men,2025-05-07 20:29:02.353577
Jacket 492,6011840.0,3.0,3,M,Unisex,2025-05-07 20:29:02.353577
Crewneck 493,5071520.0,4.8,3,L,Men,2025-05-07 20:29:02.353577
T-shirt 494,1390080.0,3.4,3,XL,Women,2025-05-07 20:29:02.353577
Hoodie 495,1663200.0,4.5,3,XXL,Unisex,2025-05-07 20:29:02.353577
Outerwear 497,3957760.0,4.4,3,M,Women,2025-05-07 20:29:02.354573
Jacket 498,4412800.0,4.6,3,L,Unisex,2025-05-07 20:29:02.354573
Crewneck 499,7825920.0,4.1,3,XL,Men,2025-05-07 20:29:02.354573
T-shirt 500,8114400.0,4.2,3,XXL,Women,2025-05-07 20:29:02.354573
Pants 502,7132480.0,4.4,3,M,Men,2025-05-07 20:29:03.457038
Outerwear 503,4924480.0,4.8,3,L,Women,2025-05-07 20:29:03.457038
Jacket 504,8024480.0,5.0,3,XL,Unisex,2025-05-07 20:29:03.457038
Crewneck 505,8747680.0,4.3,3,XXL,Men,2025-05-07 20:29:03.457038
T-shirt 506,8572000.0,3.6,3,S,Women,2025-05-07 20:29:03.457038
Hoodie 507,6844000.0,4.7,3,M,Unisex,2025-05-07 20:29:03.457038
Pants 508,7766080.0,3.5,3,L,Men,2025-05-07 20:29:03.458035
Outerwear 509,7178400.0,3.1,3,XL,Women,2025-05-07 20:29:03.458035
Jacket 510,1562080.0,3.4,3,XXL,Unisex,2025-05-07 20:29:03.458035
T-shirt 512,4319680.0,3.7,3,M,Women,2025-05-07 20:29:03.458035
Hoodie 513,1693760.0,4.4,3,L,Unisex,2025-05-07 20:29:03.458035
Pants 514,6888960.0,3.9,3,XL,Men,2025-05-07 20:29:03.458035
Outerwear 515,7262560.0,3.1,3,XXL,Women,2025-05-07 20:29:03.458035
Jacket 516,7130720.0,3.4,3,S,Unisex,2025-05-07 20:29:03.458035
Crewneck 517,1069280.0,3.5,3,M,Men,2025-05-07 20:29:03.458035
T-shirt 518,2575680.0,4.1,3,L,Women,2025-05-07 20:29:03.458035
Hoodie 519,2236160.0,4.5,3,XL,Unisex,2025-05-07 20:29:03.459538
Pants 520,2308320.0,3.8,3,XXL,Men,2025-05-07 20:29:03.459538
Jacket 522,6292960.0,4.0,3,M,Unisex,2025-05-07 20:29:04.560141
Crewneck 523,3626720.0,4.6,3,L,Men,2025-05-07 20:29:04.560141
T-shirt 524,936000.0,3.8,3,XL,Women,2025-05-07 20:29:04.560141
Hoodie 525,7919040.0,3.6,3,XXL,Unisex,2025-05-07 20:29:04.560141
Outerwear 527,4669280.0,3.6,3,M,Women,2025-05-07 20:29:04.561656
Jacket 528,5595840.0,4.0,3,L,Unisex,2025-05-07 20:29:04.561656
Crewneck 529,1420160.0,3.2,3,XL,Men,2025-05-07 20:29:04.561656
T-shirt 530,6173760.0,3.3,3,XXL,Women,2025-05-07 20:29:04.561656
Pants 532,8391200.0,4.1,3,M,Men,2025-05-07 20:29:04.561656
Outerwear 533,3370240.0,4.2,3,L,Women,2025-05-07 20:29:04.562660
Jacket 534,3479200.0,3.7,3,XL,Unisex,2025-05-07 20:29:04.562660
Crewneck 535,3901280.0,3.7,3,XXL,Men,2025-05-07 20:29:04.562660
T-shirt 536,5092480.0,3.0,3,S,Women,2025-05-07 20:29:04.562660
Hoodie 537,8671840.0,3.1,3,M,Unisex,2025-05-07 20:29:04.563166
Pants 538,6134240.0,3.4,3,L,Men,2025-05-07 20:29:04.563166
Outerwear 539,4692640.0,4.7,3,XL,Women,2025-05-07 20:29:04.563166
Jacket 540,7051840.0,4.4,3,XXL,Unisex,2025-05-07 20:29:04.563166
T-shirt 542,4761440.0,3.5,3,M,Women,2025-05-07 20:29:05.664756
Hoodie 543,8715680.0,4.7,3,L,Unisex,2025-05-07 20:29:05.664756
Pants 544,5957760.0,3.1,3,XL,Men,2025-05-07 20:29:05.664756
Outerwear 545,3579360.0,4.0,3,XXL,Women,2025-05-07 20:29:05.664756
Jacket 546,6271520.0,3.3,3,S,Unisex,2025-05-07 20:29:05.665756
Crewneck 547,5361120.0,3.9,3,M,Men,2025-05-07 20:29:05.665756
T-shirt 548,2686240.0,4.6,3,L,Women,2025-05-07 20:29:05.665756
Hoodie 549,2687200.0,3.7,3,XL,Unisex,2025-05-07 20:29:05.666262
Pants 550,4450080.0,4.9,3,XXL,Men,2025-05-07 20:29:05.666262
Jacket 552,5380320.0,4.1,3,M,Unisex,2025-05-07 20:29:05.666262
Crewneck 553,7760800.0,3.8,3,L,Men,2025-05-07 20:29:05.666262
T-shirt 554,4001120.0,4.5,3,XL,Women,2025-05-07 20:29:05.666262
Hoodie 555,1809600.0,3.0,3,XXL,Unisex,2025-05-07 20:29:05.667265
Outerwear 557,5460480.0,3.4,3,M,Women,2025-05-07 20:29:05.667265
Jacket 558,5007040.0,4.0,3,L,Unisex,2025-05-07 20:29:05.668263
Crewneck 559,1590880.0,3.5,3,XL,Men,2025-05-07 20:29:05.668263
T-shirt 560,6885280.0,4.2,3,XXL,Women,2025-05-07 20:29:05.668263
Pants 562,3724160.0,4.5,3,M,Men,2025-05-07 20:29:06.767751
Outerwear 563,8197440.0,4.7,3,L,Women,2025-05-07 20:29:06.767751
Jacket 564,8319200.0,4.3,3,XL,Unisex,2025-05-07 20:29:06.767751
Crewneck 565,7635200.0,3.5,3,XXL,Men,2025-05-07 20:29:06.767751
T-shirt 566,2611360.0,4.6,3,S,Women,2025-05-07 20:29:06.767751
Hoodie 567,4576160.0,3.2,3,M,Unisex,2025-05-07 20:29:06.767751
Pants 568,2984160.0,3.3,3,L,Men,2025-05-07 20:29:06.767751
Outerwear 569,4966880.0,4.7,3,XL,Women,2025-05-07 20:29:06.767751
Jacket 570,4000960.0,3.9,3,XXL,Unisex,2025-05-07 20:29:06.767751
T-shirt 572,4756320.0,3.2,3,M,Women,2025-05-07 20:29:06.769255
Hoodie 573,6954080.0,4.5,3,L,Unisex,2025-05-07 20:29:06.769255
Pants 574,2424000.0,3.8,3,XL,Men,2025-05-07 20:29:06.769255
Outerwear 575,3517760.0,3.4,3,XXL,Women,2025-05-07 20:29:06.769255
Jacket 576,805600.0,3.5,3,S,Unisex,2025-05-07 20:29:06.769255
Crewneck 577,7873920.0,3.3,3,M,Men,2025-05-07 20:29:06.769255
T-shirt 578,7958880.0,4.1,3,L,Women,2025-05-07 20:29:06.770261
Hoodie 579,4428640.0,4.4,3,XL,Unisex,2025-05-07 20:29:06.770261
Pants 580,2625440.0,3.3,3,XXL,Men,2025-05-07 20:29:06.770261
Jacket 582,4112160.0,4.1,3,M,Unisex,2025-05-07 20:29:07.869200
Crewneck 583,5737760.0,4.5,3,L,Men,2025-05-07 20:29:07.869200
T-shirt 584,6964960.0,4.8,3,XL,Women,2025-05-07 20:29:07.869200
Hoodie 585,6186880.0,4.9,3,XXL,Unisex,2025-05-07 20:29:07.869200
Outerwear 587,4424960.0,4.4,3,M,Women,2025-05-07 20:29:07.869200
Jacket 588,4963040.0,4.7,3,L,Unisex,2025-05-07 20:29:07.869200
Crewneck 589,931840.0,4.7,3,XL,Men,2025-05-07 20:29:07.869200
T-shirt 590,6457120.0,3.9,3,XXL,Women,2025-05-07 20:29:07.870296
Pants 592,6805440.0,4.3,3,M,Men,2025-05-07 20:29:07.870296
Outerwear 593,7163840.0,3.9,3,L,Women,2025-05-07 20:29:07.870296
Jacket 594,8707680.0,4.2,3,XL,Unisex,2025-05-07 20:29:07.870296
Crewneck 595,3723840.0,3.5,3,XXL,Men,2025-05-07 20:29:07.870296
T-shirt 596,8290400.0,4.4,3,S,Women,2025-05-07 20:29:07.870296
Hoodie 597,7969440.0,3.3,3,M,Unisex,2025-05-07 20:29:07.870296
Pants 598,4714080.0,4.1,3,L,Men,2025-05-07 20:29:07.870296
Outerwear 599,1179040.0,3.3,3,XL,Women,2025-05-07 20:29:07.870296
Jacket 600,6414080.0,3.0,3,XXL,Unisex,2025-05-07 20:29:07.871820
T-shirt 602,2260960.0,4.4,3,M,Women,2025-05-07 20:29:08.974791
Hoodie 603,7511520.0,3.1,3,L,Unisex,2025-05-07 20:29:08.974791
Pants 604,7662240.0,4.3,3,XL,Men,2025-05-07 20:29:08.974791
Outerwear 605,1710720.0,3.7,3,XXL,Women,2025-05-07 20:29:08.974791
Jacket 606,5770720.0,4.6,3,S,Unisex,2025-05-07 20:29:08.975791
Crewneck 607,3857600.0,3.1,3,M,Men,2025-05-07 20:29:08.975791
T-shirt 608,7047840.0,4.6,3,L,Women,2025-05-07 20:29:08.975791
Hoodie 609,2956320.0,4.1,3,XL,Unisex,2025-05-07 20:29:08.975791
Pants 610,4515360.0,3.3,3,XXL,Men,2025-05-07 20:29:08.975791
Jacket 612,3202720.0,3.1,3,M,Unisex,2025-05-07 20:29:08.975791
Crewneck 613,1013920.0,3.6,3,L,Men,2025-05-07 20:29:08.976791
T-shirt 614,2428160.0,3.1,3,XL,Women,2025-05-07 20:29:08.976791
Hoodie 615,4798720.0,4.8,3,XXL,Unisex,2025-05-07 20:29:08.976791
Outerwear 617,1765920.0,4.3,3,M,Women,2025-05-07 20:29:08.976791
Jacket 618,6474080.0,3.3,3,L,Unisex,2025-05-07 20:29:08.976791
Crewneck 619,8340640.0,4.4,3,XL,Men,2025-05-07 20:29:08.976791
T-shirt 620,2270240.0,3.3,3,XXL,Women,2025-05-07 20:29:08.976791
Pants 622,4849600.0,3.5,3,M,Men,2025-05-07 20:29:10.077923
Outerwear 623,7299520.0,4.6,3,L,Women,2025-05-07 20:29:10.077923
Jacket 624,6943200.0,3.9,3,XL,Unisex,2025-05-07 20:29:10.077923
Crewneck 625,7826400.0,4.1,3,XXL,Men,2025-05-07 20:29:10.077923
T-shirt 626,7777440.0,4.5,3,S,Women,2025-05-07 20:29:10.077923
Hoodie 627,1232320.0,3.2,3,M,Unisex,2025-05-07 20:29:10.077923
Pants 628,8113120.0,4.3,3,L,Men,2025-05-07 20:29:10.077923
Outerwear 629,3997920.0,4.4,3,XL,Women,2025-05-07 20:29:10.077923
Jacket 630,1003680.0,3.8,3,XXL,Unisex,2025-05-07 20:29:10.077923
T-shirt 632,4314240.0,3.6,3,M,Women,2025-05-07 20:29:10.079430
Hoodie 633,3128000.0,3.1,3,L,Unisex,2025-05-07 20:29:10.079430
Pants 634,8535680.0,3.9,3,XL,Men,2025-05-07 20:29:10.079430
Outerwear 635,6897120.0,4.1,3,XXL,Women,2025-05-07 20:29:10.079430
Jacket 636,3476320.0,4.5,3,S,Unisex,2025-05-07 20:29:10.079430
Crewneck 637,6030240.0,4.0,3,M,Men,2025-05-07 20:29:10.079430
T-shirt 638,5220960.0,4.6,3,L,Women,2025-05-07 20:29:10.080438
Hoodie 639,6782720.0,4.7,3,XL,Unisex,2025-05-07 20:29:10.080438
Pants 640,3038560.0,3.8,3,XXL,Men,2025-05-07 20:29:10.080438
Jacket 642,7747360.0,4.7,3,M,Unisex,2025-05-07 20:29:11.188594
Crewneck 643,6116000.0,3.2,3,L,Men,2025-05-07 20:29:11.188594
T-shirt 644,7479360.0,4.2,3,XL,Women,2025-05-07 20:29:11.188594
Hoodie 645,3285440.0,3.3,3,XXL,Unisex,2025-05-07 20:29:11.188594
Outerwear 647,4304960.0,3.8,3,M,Women,2025-05-07 20:29:11.188594
Jacket 648,8699520.0,4.5,3,L,Unisex,2025-05-07 20:29:11.189594
Crewneck 649,8588160.0,3.2,3,XL,Men,2025-05-07 20:29:11.189594
T-shirt 650,8012800.0,3.4,3,XXL,Women,2025-05-07 20:29:11.189594
Pants 652,6084960.0,3.3,3,M,Men,2025-05-07 20:29:11.190099
Outerwear 653,2622080.0,4.0,3,L,Women,2025-05-07 20:29:11.190099
Jacket 654,4089440.0,4.7,3,XL,Unisex,2025-05-07 20:29:11.190099
Crewneck 655,1834240.0,4.1,3,XXL,Men,2025-05-07 20:29:11.190099
T-shirt 656,2538720.0,4.2,3,S,Women,2025-05-07 20:29:11.190099
Hoodie 657,8459040.0,4.8,3,M,Unisex,2025-05-07 20:29:11.190099
Pants 658,6268320.0,3.8,3,L,Men,2025-05-07 20:29:11.190099
Outerwear 659,1817920.0,3.3,3,XL,Women,2025-05-07 20:29:11.190099
Jacket 660,8715200.0,3.5,3,XXL,Unisex,2025-05-07 20:29:11.190099
T-shirt 662,1422720.0,4.5,3,M,Women,2025-05-07 20:29:12.292722
Hoodie 663,7087200.0,4.0,3,L,Unisex,2025-05-07 20:29:12.292722
Pants 664,8248640.0,3.5,3,XL,Men,2025-05-07 20:29:12.292722
Outerwear 665,4033600.0,3.2,3,XXL,Women,2025-05-07 20:29:12.292722
Jacket 666,4844000.0,3.9,3,S,Unisex,2025-05-07 20:29:12.292722
Crewneck 667,1756640.0,3.7,3,M,Men,2025-05-07 20:29:12.293724
T-shirt 668,5044640.0,3.7,3,L,Women,2025-05-07 20:29:12.293724
Hoodie 669,2346080.0,3.3,3,XL,Unisex,2025-05-07 20:29:12.293724
Pants 670,8406720.0,4.8,3,XXL,Men,2025-05-07 20:29:12.293724
Jacket 672,4776160.0,4.5,3,M,Unisex,2025-05-07 20:29:12.293724
Crewneck 673,2803360.0,4.7,3,L,Men,2025-05-07 20:29:12.293724
T-shirt 674,3156640.0,3.1,3,XL,Women,2025-05-07 20:29:12.294721
Hoodie 675,4314880.0,3.2,3,XXL,Unisex,2025-05-07 20:29:12.294721
Outerwear 677,4657440.0,3.3,3,M,Women,2025-05-07 20:29:12.294721
Jacket 678,2777120.0,4.3,3,L,Unisex,2025-05-07 20:29:12.294721
Crewneck 679,6373120.0,3.2,3,XL,Men,2025-05-07 20:29:12.294721
T-shirt 680,8164800.0,3.2,3,XXL,Women,2025-05-07 20:29:12.294721
Pants 682,7616480.0,3.9,3,M,Men,2025-05-07 20:29:13.396384
Outerwear 683,3907360.0,3.6,3,L,Women,2025-05-07 20:29:13.396384
Jacket 684,7102560.0,3.5,3,XL,Unisex,2025-05-07 20:29:13.396384
Crewneck 685,1495840.0,4.6,3,XXL,Men,2025-05-07 20:29:13.396384
T-shirt 686,5381760.0,3.8,3,S,Women,2025-05-07 20:29:13.397384
Hoodie 687,4220800.0,4.7,3,M,Unisex,2025-05-07 20:29:13.397384
Pants 688,1487520.0,4.4,3,L,Men,2025-05-07 20:29:13.397384
Outerwear 689,1939040.0,4.6,3,XL,Women,2025-05-07 20:29:13.397384
Jacket 690,8782560.0,4.7,3,XXL,Unisex,2025-05-07 20:29:13.397384
T-shirt 692,1416480.0,4.1,3,M,Women,2025-05-07 20:29:13.397384
Hoodie 693,3031680.0,4.1,3,L,Unisex,2025-05-07 20:29:13.398384
Pants 694,2466720.0,3.4,3,XL,Men,2025-05-07 20:29:13.398384
Outerwear 695,959360.0,3.3,3,XXL,Women,2025-05-07 20:29:13.398384
Jacket 696,5146240.0,4.2,3,S,Unisex,2025-05-07 20:29:13.398384
Crewneck 697,6545120.0,5.0,3,M,Men,2025-05-07 20:29:13.398384
T-shirt 698,2444960.0,4.1,3,L,Women,2025-05-07 20:29:13.398384
Hoodie 699,5250240.0,4.5,3,XL,Unisex,2025-05-07 20:29:13.399384
Pants 700,3526560.0,4.3,3,XXL,Men,2025-05-07 20:29:13.399384
Jacket 702,4927680.0,4.3,3,M,Unisex,2025-05-07 20:29:14.495995
Crewneck 703,2949120.0,4.2,3,L,Men,2025-05-07 20:29:14.495995
T-shirt 704,6214240.0,4.1,3,XL,Women,2025-05-07 20:29:14.495995
Hoodie 705,3042880.0,3.1,3,XXL,Unisex,2025-05-07 20:29:14.496996
Outerwear 707,7746240.0,4.4,3,M,Women,2025-05-07 20:29:14.496996
Jacket 708,8541280.0,4.3,3,L,Unisex,2025-05-07 20:29:14.496996
Crewneck 709,7022400.0,3.9,3,XL,Men,2025-05-07 20:29:14.496996
T-shirt 710,3751520.0,3.2,3,XXL,Women,2025-05-07 20:29:14.496996
Pants 712,1510400.0,4.1,3,M,Men,2025-05-07 20:29:14.496996
Outerwear 713,3142880.0,4.4,3,L,Women,2025-05-07 20:29:14.497995
Jacket 714,892320.0,3.1,3,XL,Unisex,2025-05-07 20:29:14.497995
Crewneck 715,7021760.0,3.9,3,XXL,Men,2025-05-07 20:29:14.497995
T-shirt 716,3602560.0,4.9,3,S,Women,2025-05-07 20:29:14.497995
Hoodie 717,1532800.0,3.6,3,M,Unisex,2025-05-07 20:29:14.497995
Pants 718,4057120.0,3.2,3,L,Men,2025-05-07 20:29:14.497995
Outerwear 719,3172960.0,4.7,3,XL,Women,2025-05-07 20:29:14.497995
Jacket 720,2028320.0,3.8,3,XXL,Unisex,2025-05-07 20:29:14.497995
T-shirt 722,8724320.0,3.2,3,M,Women,2025-05-07 20:29:15.601001
Hoodie 723,5664800.0,3.4,3,L,Unisex,2025-05-07 20:29:15.601001
Pants 724,4824800.0,4.7,3,XL,Men,2025-05-07 20:29:15.601001
Outerwear 725,4979200.0,3.0,3,XXL,Women,2025-05-07 20:29:15.601001
Jacket 726,6345920.0,3.5,3,S,Unisex,2025-05-07 20:29:15.601001
Crewneck 727,4024000.0,4.8,3,M,Men,2025-05-07 20:29:15.601001
T-shirt 728,8173440.0,3.0,3,L,Women,2025-05-07 20:29:15.601001
Hoodie 729,6431360.0,3.6,3,XL,Unisex,2025-05-07 20:29:15.601997
Pants 730,7228800.0,4.5,3,XXL,Men,2025-05-07 20:29:15.601997
Jacket 732,6597600.0,3.9,3,M,Unisex,2025-05-07 20:29:15.601997
Crewneck 733,1162880.0,4.7,3,L,Men,2025-05-07 20:29:15.601997
T-shirt 734,6858560.0,4.2,3,XL,Women,2025-05-07 20:29:15.601997
Hoodie 735,4664320.0,4.0,3,XXL,Unisex,2025-05-07 20:29:15.601997
Outerwear 737,1015680.0,4.7,3,M,Women,2025-05-07 20:29:15.602995
Jacket 738,1893920.0,3.7,3,L,Unisex,2025-05-07 20:29:15.602995
Crewneck 739,8072960.0,3.3,3,XL,Men,2025-05-07 20:29:15.602995
T-shirt 740,7016640.0,3.4,3,XXL,Women,2025-05-07 20:29:15.602995
Pants 742,5626080.0,3.6,3,M,Men,2025-05-07 20:29:16.714878
Outerwear 743,5678080.0,3.0,3,L,Women,2025-05-07 20:29:16.714878
Jacket 744,5175680.0,4.1,3,XL,Unisex,2025-05-07 20:29:16.714878
Crewneck 745,2882560.0,3.8,3,XXL,Men,2025-05-07 20:29:16.714878
T-shirt 746,1517440.0,5.0,3,S,Women,2025-05-07 20:29:16.714878
Hoodie 747,6326880.0,4.7,3,M,Unisex,2025-05-07 20:29:16.714878
Pants 748,3134080.0,3.7,3,L,Men,2025-05-07 20:29:16.715881
Outerwear 749,2627360.0,3.2,3,XL,Women,2025-05-07 20:29:16.715881
Jacket 750,1030400.0,3.7,3,XXL,Unisex,2025-05-07 20:29:16.715881
T-shirt 752,7431520.0,3.8,3,M,Women,2025-05-07 20:29:16.715881
Hoodie 753,8137600.0,4.8,3,L,Unisex,2025-05-07 20:29:16.715881
Pants 754,7229760.0,3.1,3,XL,Men,2025-05-07 20:29:16.716882
Outerwear 755,6910400.0,4.6,3,XXL,Women,2025-05-07 20:29:16.716882
Jacket 756,7128000.0,3.1,3,S,Unisex,2025-05-07 20:29:16.716882
Crewneck 757,7582720.0,4.4,3,M,Men,2025-05-07 20:29:16.716882
T-shirt 758,6025920.0,3.1,3,L,Women,2025-05-07 20:29:16.716882
Hoodie 759,2779840.0,4.7,3,XL,Unisex,2025-05-07 20:29:16.716882
Pants 760,2191040.0,4.1,3,XXL,Men,2025-05-07 20:29:16.716882
Jacket 762,4091840.0,4.9,3,M,Unisex,2025-05-07 20:29:17.821887
Crewneck 763,5792640.0,3.9,3,L,Men,2025-05-07 20:29:17.822888
T-shirt 764,7211680.0,3.4,3,XL,Women,2025-05-07 20:29:17.822888
Hoodie 765,1343360.0,4.9,3,XXL,Unisex,2025-05-07 20:29:17.822888
Outerwear 767,4152800.0,4.5,3,M,Women,2025-05-07 20:29:17.822888
Jacket 768,5662080.0,4.9,3,L,Unisex,2025-05-07 20:29:17.822888
Crewneck 769,6294560.0,3.3,3,XL,Men,2025-05-07 20:29:17.823886
T-shirt 770,1655040.0,3.5,3,XXL,Women,2025-05-07 20:29:17.823886
Pants 772,8748160.0,3.4,3,M,Men,2025-05-07 20:29:17.823886
Outerwear 773,3393600.0,3.2,3,L,Women,2025-05-07 20:29:17.823886
Jacket 774,1485760.0,4.1,3,XL,Unisex,2025-05-07 20:29:17.823886
Crewneck 775,8189440.0,3.1,3,XXL,Men,2025-05-07 20:29:17.823886
T-shirt 776,5333120.0,3.7,3,S,Women,2025-05-07 20:29:17.824886
Hoodie 777,6104800.0,3.4,3,M,Unisex,2025-05-07 20:29:17.824886
Pants 778,6034720.0,4.2,3,L,Men,2025-05-07 20:29:17.824886
Outerwear 779,5816480.0,3.2,3,XL,Women,2025-05-07 20:29:17.824886
Jacket 780,2767520.0,3.4,3,XXL,Unisex,2025-05-07 20:29:17.824886
T-shirt 782,4117440.0,4.5,3,M,Women,2025-05-07 20:29:18.928019
Hoodie 783,2510720.0,3.0,3,L,Unisex,2025-05-07 20:29:18.928019
Pants 784,5341280.0,3.0,3,XL,Men,2025-05-07 20:29:18.928019
Outerwear 785,6444480.0,4.3,3,XXL,Women,2025-05-07 20:29:18.928019
Jacket 786,6749280.0,5.0,3,S,Unisex,2025-05-07 20:29:18.928019
Crewneck 787,4593600.0,4.7,3,M,Men,2025-05-07 20:29:18.928019
T-shirt 788,3041120.0,4.7,3,L,Women,2025-05-07 20:29:18.928019
Hoodie 789,2153280.0,4.0,3,XL,Unisex,2025-05-07 20:29:18.928019
Pants 790,1708320.0,3.2,3,XXL,Men,2025-05-07 20:29:18.928019
Jacket 792,4068960.0,3.8,3,M,Unisex,2025-05-07 20:29:18.929525
Crewneck 793,8650080.0,4.0,3,L,Men,2025-05-07 20:29:18.929525
T-shirt 794,5983040.0,4.0,3,XL,Women,2025-05-07 20:29:18.929525
Hoodie 795,4209600.0,3.9,3,XXL,Unisex,2025-05-07 20:29:18.930041
Outerwear 797,2771360.0,4.9,3,M,Women,2025-05-07 20:29:18.930041
Jacket 798,4391040.0,3.4,3,L,Unisex,2025-05-07 20:29:18.930041
Crewneck 799,4048800.0,4.2,3,XL,Men,2025-05-07 20:29:18.930041
T-shirt 800,7433280.0,4.6,3,XXL,Women,2025-05-07 20:29:18.930041
Pants 802,5710240.0,4.4,3,M,Men,2025-05-07 20:29:20.032071
Outerwear 803,1875360.0,4.3,3,L,Women,2025-05-07 20:29:20.032071
Jacket 804,4459040.0,3.9,3,XL,Unisex,2025-05-07 20:29:20.032071
Crewneck 805,3266720.0,4.8,3,XXL,Men,2025-05-07 20:29:20.033069
T-shirt 806,7310560.0,3.0,3,S,Women,2025-05-07 20:29:20.033069
Hoodie 807,5016000.0,4.7,3,M,Unisex,2025-05-07 20:29:20.033069
Pants 808,8717760.0,3.2,3,L,Men,2025-05-07 20:29:20.033069
Outerwear 809,7162560.0,3.7,3,XL,Women,2025-05-07 20:29:20.033069
Jacket 810,3796640.0,4.8,3,XXL,Unisex,2025-05-07 20:29:20.033069
T-shirt 812,6406080.0,4.2,3,M,Women,2025-05-07 20:29:20.034071
Hoodie 813,4872800.0,5.0,3,L,Unisex,2025-05-07 20:29:20.034071
Pants 814,1110080.0,4.7,3,XL,Men,2025-05-07 20:29:20.034071
Outerwear 815,5985440.0,4.8,3,XXL,Women,2025-05-07 20:29:20.034071
Jacket 816,1649120.0,4.5,3,S,Unisex,2025-05-07 20:29:20.034071
Crewneck 817,8744160.0,4.4,3,M,Men,2025-05-07 20:29:20.034071
T-shirt 818,5160320.0,3.8,3,L,Women,2025-05-07 20:29:20.034071
Hoodie 819,4742400.0,4.7,3,XL,Unisex,2025-05-07 20:29:20.035070
Pants 820,6030720.0,3.4,3,XXL,Men,2025-05-07 20:29:20.035070
Jacket 822,838240.0,4.2,3,M,Unisex,2025-05-07 20:29:21.133696
Crewneck 823,6103520.0,4.7,3,L,Men,2025-05-07 20:29:21.133696
T-shirt 824,3301440.0,4.1,3,XL,Women,2025-05-07 20:29:21.134697
Hoodie 825,1058400.0,3.8,3,XXL,Unisex,2025-05-07 20:29:21.134697
Outerwear 827,7091040.0,4.8,3,M,Women,2025-05-07 20:29:21.134697
Jacket 828,2324000.0,4.6,3,L,Unisex,2025-05-07 20:29:21.134697
Crewneck 829,4630400.0,4.4,3,XL,Men,2025-05-07 20:29:21.134697
T-shirt 830,4496480.0,3.0,3,XXL,Women,2025-05-07 20:29:21.134697
Pants 832,3955360.0,4.6,3,M,Men,2025-05-07 20:29:21.135700
Outerwear 833,7101280.0,3.0,3,L,Women,2025-05-07 20:29:21.135700
Jacket 834,7223680.0,3.1,3,XL,Unisex,2025-05-07 20:29:21.135700
Crewneck 835,7143360.0,3.9,3,XXL,Men,2025-05-07 20:29:21.135700
T-shirt 836,6065440.0,4.1,3,S,Women,2025-05-07 20:29:21.135700
Hoodie 837,5532640.0,5.0,3,M,Unisex,2025-05-07 20:29:21.135700
Pants 838,2848800.0,3.1,3,L,Men,2025-05-07 20:29:21.136697
Outerwear 839,4208320.0,3.9,3,XL,Women,2025-05-07 20:29:21.136697
Jacket 840,8164640.0,3.6,3,XXL,Unisex,2025-05-07 20:29:21.136697
T-shirt 842,2859040.0,3.3,3,M,Women,2025-05-07 20:29:22.234482
Hoodie 843,2997120.0,3.6,3,L,Unisex,2025-05-07 20:29:22.234482
Pants 844,7422880.0,3.9,3,XL,Men,2025-05-07 20:29:22.235487
Outerwear 845,2023200.0,3.2,3,XXL,Women,2025-05-07 20:29:22.235487
Jacket 846,7480480.0,3.6,3,S,Unisex,2025-05-07 20:29:22.235487
Crewneck 847,4789920.0,3.7,3,M,Men,2025-05-07 20:29:22.235487
T-shirt 848,6134240.0,4.1,3,L,Women,2025-05-07 20:29:22.235487
Hoodie 849,7816160.0,3.5,3,XL,Unisex,2025-05-07 20:29:22.235487
Pants 850,4144160.0,4.2,3,XXL,Men,2025-05-07 20:29:22.235487
Jacket 852,2777280.0,4.1,3,M,Unisex,2025-05-07 20:29:22.236482
Crewneck 853,2643840.0,3.4,3,L,Men,2025-05-07 20:29:22.236482
T-shirt 854,1600000.0,4.5,3,XL,Women,2025-05-07 20:29:22.236482
Hoodie 855,3249760.0,5.0,3,XXL,Unisex,2025-05-07 20:29:22.236482
Outerwear 857,4532800.0,3.0,3,M,Women,2025-05-07 20:29:22.236482
Jacket 858,3748640.0,3.7,3,L,Unisex,2025-05-07 20:29:22.237484
Crewneck 859,6418560.0,3.0,3,XL,Men,2025-05-07 20:29:22.237484
T-shirt 860,2419360.0,4.7,3,XXL,Women,2025-05-07 20:29:22.237484
Pants 862,4131360.0,3.3,3,M,Men,2025-05-07 20:29:23.343169
Outerwear 863,1071360.0,4.0,3,L,Women,2025-05-07 20:29:23.343169
Jacket 864,2168000.0,4.5,3,XL,Unisex,2025-05-07 20:29:23.343169
Crewneck 865,6805120.0,3.9,3,XXL,Men,2025-05-07 20:29:23.344169
T-shirt 866,2399040.0,3.2,3,S,Women,2025-05-07 20:29:23.344169
Hoodie 867,1303840.0,3.3,3,M,Unisex,2025-05-07 20:29:23.344169
Pants 868,7473760.0,4.6,3,L,Men,2025-05-07 20:29:23.344169
Outerwear 869,6040320.0,4.5,3,XL,Women,2025-05-07 20:29:23.344169
Jacket 870,6395040.0,3.5,3,XXL,Unisex,2025-05-07 20:29:23.344169
T-shirt 872,1343680.0,4.3,3,M,Women,2025-05-07 20:29:23.345168
Hoodie 873,8321600.0,4.8,3,L,Unisex,2025-05-07 20:29:23.345168
Pants 874,2755200.0,4.4,3,XL,Men,2025-05-07 20:29:23.345168
Outerwear 875,2506720.0,4.6,3,XXL,Women,2025-05-07 20:29:23.345168
Jacket 876,3225760.0,4.6,3,S,Unisex,2025-05-07 20:29:23.345168
Crewneck 877,4552640.0,4.6,3,M,Men,2025-05-07 20:29:23.345168
T-shirt 878,4809760.0,4.7,3,L,Women,2025-05-07 20:29:23.345168
Hoodie 879,1026880.0,3.1,3,XL,Unisex,2025-05-07 20:29:23.346168
Pants 880,6497760.0,4.3,3,XXL,Men,2025-05-07 20:29:23.346168
Jacket 882,6420960.0,3.3,3,M,Unisex,2025-05-07 20:29:24.450466
Crewneck 883,5901120.0,3.6,3,L,Men,2025-05-07 20:29:24.450466
T-shirt 884,7414720.0,4.3,3,XL,Women,2025-05-07 20:29:24.450466
Hoodie 885,4760640.0,3.4,3,XXL,Unisex,2025-05-07 20:29:24.450466
Outerwear 887,7806400.0,3.8,3,M,Women,2025-05-07 20:29:24.450466
Jacket 888,7869280.0,4.2,3,L,Unisex,2025-05-07 20:29:24.450466
Crewneck 889,6333920.0,4.6,3,XL,Men,2025-05-07 20:29:24.450466
T-shirt 890,6439040.0,4.7,3,XXL,Women,2025-05-07 20:29:24.450466
Pants 892,8515360.0,4.4,3,M,Men,2025-05-07 20:29:24.452052
Outerwear 893,2673600.0,3.2,3,L,Women,2025-05-07 20:29:24.452052
Jacket 894,2946560.0,4.8,3,XL,Unisex,2025-05-07 20:29:24.452052
Crewneck 895,1126720.0,4.3,3,XXL,Men,2025-05-07 20:29:24.452052
T-shirt 896,7873760.0,4.9,3,S,Women,2025-05-07 20:29:24.452052
Hoodie 897,6077920.0,3.1,3,M,Unisex,2025-05-07 20:29:24.452052
Pants 898,8408640.0,4.1,3,L,Men,2025-05-07 20:29:24.453059
Outerwear 899,6192960.0,4.8,3,XL,Women,2025-05-07 20:29:24.453059
Jacket 900,7214240.0,3.3,3,XXL,Unisex,2025-05-07 20:29:24.453059
T-shirt 902,3164000.0,3.6,3,M,Women,2025-05-07 20:29:25.556309
Hoodie 903,2617920.0,4.1,3,L,Unisex,2025-05-07 20:29:25.556309
Pants 904,3356320.0,3.9,3,XL,Men,2025-05-07 20:29:25.556309
Outerwear 905,5027840.0,4.9,3,XXL,Women,2025-05-07 20:29:25.556309
Jacket 906,4301760.0,3.9,3,S,Unisex,2025-05-07 20:29:25.556309
Crewneck 907,8732640.0,4.9,3,M,Men,2025-05-07 20:29:25.556309
T-shirt 908,7954880.0,4.2,3,L,Women,2025-05-07 20:29:25.557308
Hoodie 909,8383840.0,3.6,3,XL,Unisex,2025-05-07 20:29:25.557308
Pants 910,2395200.0,4.7,3,XXL,Men,2025-05-07 20:29:25.557308
Jacket 912,7853280.0,4.9,3,M,Unisex,2025-05-07 20:29:25.557308
Crewneck 913,3222240.0,3.5,3,L,Men,2025-05-07 20:29:25.557308
T-shirt 914,5799200.0,4.6,3,XL,Women,2025-05-07 20:29:25.557308
Hoodie 915,2649120.0,4.2,3,XXL,Unisex,2025-05-07 20:29:25.558307
Outerwear 917,6061600.0,4.0,3,M,Women,2025-05-07 20:29:25.558307
Jacket 918,5380800.0,3.3,3,L,Unisex,2025-05-07 20:29:25.558307
Crewneck 919,8364000.0,4.7,3,XL,Men,2025-05-07 20:29:25.558307
T-shirt 920,3706080.0,3.2,3,XXL,Women,2025-05-07 20:29:25.558307
Pants 922,1210880.0,4.4,3,M,Men,2025-05-07 20:29:26.662482
Outerwear 923,2435840.0,3.7,3,L,Women,2025-05-07 20:29:26.662482
Jacket 924,3764320.0,3.8,3,XL,Unisex,2025-05-07 20:29:26.662482
Crewneck 925,7900800.0,4.5,3,XXL,Men,2025-05-07 20:29:26.662482
T-shirt 926,1911040.0,4.6,3,S,Women,2025-05-07 20:29:26.662482
Hoodie 927,7706400.0,3.5,3,M,Unisex,2025-05-07 20:29:26.663480
Pants 928,3911680.0,3.4,3,L,Men,2025-05-07 20:29:26.663480
Outerwear 929,1253440.0,3.3,3,XL,Women,2025-05-07 20:29:26.663480
Jacket 930,1741120.0,4.9,3,XXL,Unisex,2025-05-07 20:29:26.663480
T-shirt 932,5937600.0,4.2,3,M,Women,2025-05-07 20:29:26.663480
Hoodie 933,4960800.0,3.4,3,L,Unisex,2025-05-07 20:29:26.663480
Pants 934,2248160.0,3.6,3,XL,Men,2025-05-07 20:29:26.664480
Outerwear 935,6048000.0,4.1,3,XXL,Women,2025-05-07 20:29:26.664480
Jacket 936,6165440.0,3.1,3,S,Unisex,2025-05-07 20:29:26.664480
Crewneck 937,2475360.0,4.1,3,M,Men,2025-05-07 20:29:26.664480
T-shirt 938,4058400.0,3.6,3,L,Women,2025-05-07 20:29:26.664480
Hoodie 939,4466080.0,4.8,3,XL,Unisex,2025-05-07 20:29:26.664480
Pants 940,5776000.0,3.7,3,XXL,Men,2025-05-07 20:29:26.664480
Jacket 942,7972960.0,3.0,3,M,Unisex,2025-05-07 20:29:27.820174
Crewneck 943,4571040.0,4.4,3,L,Men,2025-05-07 20:29:27.820174
T-shirt 944,1578240.0,4.6,3,XL,Women,2025-05-07 20:29:27.820174
Hoodie 945,2107680.0,4.2,3,XXL,Unisex,2025-05-07 20:29:27.821179
Outerwear 947,7079680.0,4.6,3,M,Women,2025-05-07 20:29:27.821179
Jacket 948,4600480.0,3.9,3,L,Unisex,2025-05-07 20:29:27.821179
Crewneck 949,1844320.0,4.4,3,XL,Men,2025-05-07 20:29:27.821179
T-shirt 950,7691680.0,4.9,3,XXL,Women,2025-05-07 20:29:27.821179
Pants 952,7155040.0,3.7,3,M,Men,2025-05-07 20:29:27.822181
Outerwear 953,8423200.0,3.8,3,L,Women,2025-05-07 20:29:27.822181
Jacket 954,3878720.0,4.1,3,XL,Unisex,2025-05-07 20:29:27.822181
Crewneck 955,7006560.0,4.7,3,XXL,Men,2025-05-07 20:29:27.822181
T-shirt 956,4457600.0,3.1,3,S,Women,2025-05-07 20:29:27.822181
Hoodie 957,4024320.0,4.4,3,M,Unisex,2025-05-07 20:29:27.822181
Pants 958,3946240.0,4.8,3,L,Men,2025-05-07 20:29:27.822181
Outerwear 959,6828480.0,4.6,3,XL,Women,2025-05-07 20:29:27.823180
Jacket 960,5840160.0,4.5,3,XXL,Unisex,2025-05-07 20:29:27.823180
T-shirt 962,2887840.0,4.1,3,M,Women,2025-05-07 20:29:28.925406
Hoodie 963,7916160.0,4.6,3,L,Unisex,2025-05-07 20:29:28.925406
Pants 964,3885280.0,3.3,3,XL,Men,2025-05-07 20:29:28.925406
Outerwear 965,3107200.0,4.5,3,XXL,Women,2025-05-07 20:29:28.925406
Jacket 966,8499520.0,4.9,3,S,Unisex,2025-05-07 20:29:28.926405
Crewneck 967,1744000.0,3.5,3,M,Men,2025-05-07 20:29:28.926405
T-shirt 968,4045120.0,4.4,3,L,Women,2025-05-07 20:29:28.926405
Hoodie 969,4231840.0,3.8,3,XL,Unisex,2025-05-07 20:29:28.926405
Pants 970,952960.0,4.6,3,XXL,Men,2025-05-07 20:29:28.926405
Jacket 972,7272000.0,4.4,3,M,Unisex,2025-05-07 20:29:28.926405
Crewneck 973,7134400.0,3.9,3,L,Men,2025-05-07 20:29:28.927404
T-shirt 974,4769280.0,3.0,3,XL,Women,2025-05-07 20:29:28.927404
Hoodie 975,4816000.0,3.6,3,XXL,Unisex,2025-05-07 20:29:28.927404
Outerwear 977,3356000.0,3.6,3,M,Women,2025-05-07 20:29:28.927404
Jacket 978,3918240.0,3.6,3,L,Unisex,2025-05-07 20:29:28.927404
Crewneck 979,4848480.0,3.4,3,XL,Men,2025-05-07 20:29:28.927404
T-shirt 980,6544000.0,3.1,3,XXL,Women,2025-05-07 20:29:28.928406
Pants 982,7281760.0,4.9,3,M,Men,2025-05-07 20:29:30.031131
Outerwear 983,5762560.0,3.2,3,L,Women,2025-05-07 20:29:30.031131
Jacket 984,7349440.0,3.8,3,XL,Unisex,2025-05-07 20:29:30.031131
Crewneck 985,6236000.0,4.3,3,XXL,Men,2025-05-07 20:29:30.031131
T-shirt 986,6713760.0,4.5,3,S,Women,2025-05-07 20:29:30.031131
Hoodie 987,4008000.0,4.7,3,M,Unisex,2025-05-07 20:29:30.031131
Pants 988,2054240.0,3.5,3,L,Men,2025-05-07 20:29:30.031131
Outerwear 989,6869440.0,4.2,3,XL,Women,2025-05-07 20:29:30.032167
Jacket 990,3327360.0,4.2,3,XXL,Unisex,2025-05-07 20:29:30.032167
T-shirt 992,4840480.0,4.9,3,M,Women,2025-05-07 20:29:30.032167
Hoodie 993,6361920.0,3.4,3,L,Unisex,2025-05-07 20:29:30.032167
Pants 994,1693760.0,4.4,3,XL,Men,2025-05-07 20:29:30.032167
Outerwear 995,8046720.0,3.2,3,XXL,Women,2025-05-07 20:29:30.032167
Jacket 996,6942400.0,4.3,3,S,Unisex,2025-05-07 20:29:30.033164
Crewneck 997,5321280.0,3.9,3,M,Men,2025-05-07 20:29:30.033164
T-shirt 998,908000.0,4.2,3,L,Women,2025-05-07 20:29:30.033164
Hoodie 999,8534240.0,4.8,3,XL,Unisex,2025-05-07 20:29:30.033164
Pants 1000,2938240.0,4.7,3,XXL,Men,2025-05-07 20:29:30.033164
